Model,Accuracy,Precision,Recall,F1 Score
Decision Tree,0.7837837837837838,0.7837837837837838,0.7837837837837838,0.7837837837837838
Perceptron,0.7837837837837838,0.7775775775775775,0.7837837837837838,0.7781137781137781
Multilayer Perceptron (MLP),0.7027027027027027,0.7095460845460845,0.7027027027027027,0.7056150027578599
