Model,Accuracy,Precision,Recall,F1 Score
Decision Tree,0.7922077922077922,0.7922077922077922,0.7922077922077922,0.7922077922077922
Perceptron,0.7402597402597403,0.7481486598507876,0.7402597402597403,0.7430784082981587
Multilayer Perceptron (MLP),0.7272727272727273,0.7214837049742711,0.7272727272727273,0.7232230932973366
