Model,Accuracy,Precision,Recall,F1 Score
Decision Tree,0.794180269694819,0.7861010827678032,0.794180269694819,0.7887892263510906
Perceptron,0.7849538679914834,0.7718762089463386,0.7849538679914834,0.7743102786391904
Multilayer Perceptron (MLP),0.7792760823278921,0.7798450407746075,0.7792760823278921,0.7795567653414033
