Model,Accuracy,Precision,Recall,F1 Score
Perceptron,0.6596923076923077,0.7762209251565984,0.6596923076923077,0.686506600919167
Decision Tree,0.6369230769230769,0.7075133605533253,0.6369230769230769,0.6430740177945744
Multilayer Perceptron (MLP),0.5698461538461539,0.6377019712765843,0.5698461538461539,0.5898042970163888
